seed,result,endReason,finalScore,finalCoins,turns,turnWhenGridHalf,turnWhenGridFull,noActionTurns
mc-balance-0,loss,bankruptcy,2.11375,-0.4862500000000004,9,,,0
mc-balance-1,win,score_threshold,148.552302140625,119.75230214062498,12,7,12,0
mc-balance-2,win,score_threshold,153.17402284374998,124.83402284374998,11,8,,0
mc-balance-3,win,score_threshold,127.9291024375,97.3391024375,16,8,13,0
mc-balance-4,loss,bankruptcy,2.099999999999999,-1,14,,,0
mc-balance-5,win,score_threshold,130.07719375,108.23719374999999,9,5,,0
mc-balance-6,win,score_threshold,124.56199131249997,107.97199131249997,14,9,14,0
mc-balance-7,loss,reputation_collapse,-0.32060625000000087,0.3793937499999993,3,,,0
mc-balance-8,loss,reputation_collapse,4.938062499999999,5.8380624999999995,2,,,0
mc-balance-9,win,score_threshold,144.22594624999996,128.20594624999995,11,7,,0
mc-balance-10,win,all_challenges,112.033815203125,71.693815203125,12,7,12,0
mc-balance-11,win,score_threshold,142.36485165625,123.20485165625001,10,6,,0
mc-balance-12,win,score_threshold,145.0578880625,122.6078880625,19,11,17,0
mc-balance-13,win,score_threshold,122.43333390625,105.58333390625,10,6,,0
mc-balance-14,win,score_threshold,154.6924803125,147.7324803125,11,7,,0
mc-balance-15,win,score_threshold,159.76776481250002,130.6577648125,12,7,12,0
mc-balance-16,win,score_threshold,133.08980640625,114.98980640625,13,7,12,0
mc-balance-17,loss,bankruptcy,1.2432499999999997,-1.1067500000000003,4,,,0
mc-balance-18,win,score_threshold,181.14977624999997,159.31977624999996,11,7,,0
mc-balance-19,win,score_threshold,140.13366939062502,118.10366939062502,13,7,12,0
mc-balance-20,win,score_threshold,146.49490156250002,114.39490156250002,13,6,11,0
mc-balance-21,loss,bankruptcy,0,-1.2999999999999998,2,,,0
mc-balance-22,win,score_threshold,167.66396671874998,136.54396671874997,10,7,,0
mc-balance-23,win,score_threshold,126.07186781249999,110.39186781249998,8,5,,0
mc-balance-24,win,score_threshold,137.43628546875,106.26628546874998,8,6,,0
mc-balance-25,win,score_threshold,124.97016468749999,92.24016468749998,12,7,12,0
mc-balance-26,win,score_threshold,140.4300778125,120.3000778125,10,6,,0
mc-balance-27,win,score_threshold,123.21282631249998,103.95282631249998,10,7,,0
mc-balance-28,win,score_threshold,153.8994955,121.93949549999999,22,16,21,0
mc-balance-29,win,score_threshold,136.712121,127.76212100000001,12,6,11,0
mc-balance-30,win,score_threshold,140.5634675,133.1534675,11,8,,0
mc-balance-31,win,score_threshold,131.86553393749995,107.86553393749996,12,7,12,0
mc-balance-32,win,score_threshold,137.39941003125,119.74941003125,10,6,,0
mc-balance-33,loss,reputation_collapse,9,9,2,,,0
mc-balance-34,win,score_threshold,129.36225984375,108.22225984374998,11,6,11,0
mc-balance-35,win,score_threshold,122.38193953124998,105.01193953124998,15,10,15,0
mc-balance-36,win,score_threshold,123.25778046874997,107.23778046874997,12,8,,0
mc-balance-37,win,score_threshold,135.76137640625,108.05137640625,16,9,15,0
mc-balance-38,win,score_threshold,145.49628890625004,125.28628890625004,11,6,11,0
mc-balance-39,win,score_threshold,139.96124203125,113.04124203125001,10,6,,0
mc-balance-40,win,score_threshold,123.07169212500001,95.43169212500001,11,6,11,0
mc-balance-41,win,score_threshold,155.83316749999997,123.38316749999998,17,12,17,0
mc-balance-42,win,score_threshold,142.4240265625,135.68402656249998,9,5,,0
mc-balance-43,win,score_threshold,162.09367584375,132.53367584375,11,7,,0
mc-balance-44,win,score_threshold,134.32535968749997,125.68535968749998,11,5,10,0
mc-balance-45,win,score_threshold,133.4265234375,115.2765234375,14,6,12,0
mc-balance-46,loss,reputation_collapse,2,2.7,2,,,0
mc-balance-47,win,score_threshold,134.69221828125,108.86221828125,11,7,,0
mc-balance-48,win,score_threshold,161.89652978124997,133.46652978124996,12,6,11,0
mc-balance-49,win,score_threshold,122.11621671875,104.69621671875,13,8,13,0
mc-balance-50,win,score_threshold,133.41376109375,116.27376109375,10,7,,0
mc-balance-51,win,score_threshold,126.48906874999997,106.45906874999997,11,6,11,0
mc-balance-52,loss,reputation_collapse,4.047500000000001,4.807500000000001,2,,,0
mc-balance-53,win,score_threshold,123.459900625,98.239900625,12,5,10,0
mc-balance-54,win,score_threshold,146.68957562499997,126.61957562499998,15,8,13,0
mc-balance-55,loss,bankruptcy,-0.16837500000000016,-0.41837500000000016,2,,,0
mc-balance-56,win,score_threshold,140.265401375,131.69540137500002,15,9,14,0
mc-balance-57,win,score_threshold,135.27878033999994,117.27878033999994,10,5,10,0
mc-balance-58,win,score_threshold,128.1791917875,97.8491917875,14,6,11,0
mc-balance-59,win,score_threshold,184.98819437499998,135.91819437499998,15,9,14,0
mc-balance-60,win,score_threshold,158.04853874999998,139.34853875,10,6,,0
mc-balance-61,win,score_threshold,126.23144781249997,108.04144781249997,13,6,11,0
mc-balance-62,win,score_threshold,145.105961875,126.36596187499998,11,6,11,0
mc-balance-63,win,score_threshold,120.66307809999998,111.84307809999999,13,7,12,0
mc-balance-64,win,score_threshold,146.9869724375,128.6969724375,8,6,,0
mc-balance-65,win,score_threshold,139.66146412499998,111.53146412499999,11,7,,0
mc-balance-66,win,score_threshold,130.30622640625,97.04622640625,9,6,,0
mc-balance-67,win,all_challenges,95.38207765625,59.23207765625,9,5,,0
mc-balance-68,win,score_threshold,137.25065484374997,128.42065484374996,11,6,11,0
mc-balance-69,win,score_threshold,153.13136437499995,123.09136437499996,10,7,,0
mc-balance-70,win,score_threshold,120.02966499999997,103.95966499999997,12,9,,0
mc-balance-71,win,score_threshold,145.4421758125,134.6121758125,11,6,11,0
mc-balance-72,win,score_threshold,124.7237515625,97.8737515625,10,7,,0
mc-balance-73,win,score_threshold,137.15534625,127.37534625,12,5,10,0
mc-balance-74,win,score_threshold,154.01529953125,134.84529953125002,11,7,,0
mc-balance-75,loss,bankruptcy,1.9618124999999997,-0.38818750000000035,2,,,0
mc-balance-76,win,score_threshold,144.2722875,124.5222875,11,7,,0
mc-balance-77,win,score_threshold,149.47712765625,132.47712765625,10,6,,0
mc-balance-78,win,score_threshold,140.0385696875,129.5485696875,10,6,,0
mc-balance-79,win,score_threshold,134.91101187499999,118.25101187499999,9,6,,0
mc-balance-80,win,score_threshold,154.59019384375,126.84019384375,12,6,11,0
mc-balance-81,win,score_threshold,161.3202078125,138.6102078125,11,8,,0
mc-balance-82,win,score_threshold,124.43884012500003,94.70884012500002,10,5,10,0
mc-balance-83,win,score_threshold,148.5305771875,115.02057718750001,16,8,14,0
mc-balance-84,win,score_threshold,138.94691268749997,121.22691268749998,10,5,10,0
mc-balance-85,win,score_threshold,142.7816986875,120.40169868750002,18,12,17,0
mc-balance-86,win,score_threshold,122.0728459375,115.8128459375,10,5,10,0
mc-balance-87,win,score_threshold,123.96146968750001,97.0314696875,10,6,,0
mc-balance-88,win,all_challenges,144.2958984375,104.28589843750001,9,6,,0
mc-balance-89,win,score_threshold,144.1658109375,125.2858109375,9,6,,0
mc-balance-90,win,score_threshold,162.97648203125,141.00648203125,13,7,12,0
mc-balance-91,win,score_threshold,124.58869703124999,109.38869703124999,9,6,,0
mc-balance-92,win,score_threshold,154.94605715625,138.61605715624998,9,5,,0
mc-balance-93,win,score_threshold,139.58207891875,130.82207891875,11,5,10,0
mc-balance-94,win,score_threshold,124.3764046875,95.2064046875,9,5,,0
mc-balance-95,win,score_threshold,142.21237521875003,112.14237521875002,9,6,,0
mc-balance-96,win,score_threshold,145.64316706249997,121.50316706249995,14,8,13,0
mc-balance-97,win,score_threshold,137.87804421875,118.94804421875,10,6,,0
mc-balance-98,win,score_threshold,143.71499843749996,116.04499843749997,12,6,11,0
mc-balance-99,win,score_threshold,134.83533636250002,111.7553363625,14,6,11,0
mc-balance-100,win,score_threshold,145.77671603124995,127.54671603124996,13,6,11,0
mc-balance-101,win,score_threshold,128.636408125,109.46640812500002,12,7,12,0
mc-balance-102,win,score_threshold,127.52775156250001,101.17775156250002,14,8,13,0
mc-balance-103,win,score_threshold,142.13140078125,112.23140078124999,17,9,14,0
mc-balance-104,win,score_threshold,140.77516890625003,132.09516890625002,9,6,,0
mc-balance-105,win,score_threshold,143.024936375,113.58493637500001,9,5,,0
mc-balance-106,win,score_threshold,135.62415243125002,108.33415243125,9,6,,0
mc-balance-107,win,score_threshold,120.2511340625,102.9111340625,18,11,17,0
mc-balance-108,win,score_threshold,124.41625793750002,105.96625793750002,13,8,13,0
mc-balance-109,win,all_challenges,127.0857471875,85.3357471875,9,6,,0
mc-balance-110,win,score_threshold,132.317884953125,100.607884953125,11,7,,0
mc-balance-111,win,score_threshold,134.73586856249997,112.91586856249998,20,11,16,0
mc-balance-112,win,all_challenges,115.60304224999999,75.56304224999998,19,14,19,0
mc-balance-113,loss,reputation_collapse,2.946065,3.646065,3,,,0
mc-balance-114,win,score_threshold,136.33103312499998,105.37103312499997,12,6,11,0
mc-balance-115,loss,bankruptcy,2.05,-0.20000000000000007,3,,,0
mc-balance-116,win,score_threshold,120.91862570312503,102.70862570312502,10,5,10,0
mc-balance-117,win,score_threshold,143.29780265624998,136.60780265625,10,6,,0
mc-balance-118,loss,bankruptcy,-1,-0.20000000000000018,2,,,0
mc-balance-119,win,score_threshold,125.95974446875002,111.17974446875002,11,7,,0
mc-balance-120,win,score_threshold,151.44493187499998,132.42493187499997,11,6,11,0
mc-balance-121,win,score_threshold,132.2303029375,115.52030293749999,11,7,,0
mc-balance-122,win,score_threshold,134.40502062499996,115.37502062499996,10,5,10,0
mc-balance-123,win,score_threshold,127.75414626875002,100.03414626875002,10,6,,0
mc-balance-124,win,score_threshold,158.1741040625,121.46410406249998,12,6,11,0
mc-balance-125,win,score_threshold,157.690005625,136.720005625,12,7,12,0
mc-balance-126,win,score_threshold,130.270533484375,100.54053348437498,17,11,16,0
mc-balance-127,win,score_threshold,147.10705046875,127.66705046875,10,5,10,0
mc-balance-128,win,score_threshold,162.109560275,131.18956027500002,21,12,18,0
mc-balance-129,win,score_threshold,139.82406249999997,115.09406249999998,11,7,,0
mc-balance-130,win,score_threshold,136.30453387499998,112.80453387499998,13,8,13,0
mc-balance-131,win,score_threshold,151.0392446875,131.1592446875,10,5,10,0
mc-balance-132,win,score_threshold,153.90580024999994,132.18580024999994,11,5,10,0
mc-balance-133,win,score_threshold,137.31652843749998,106.95652843749998,11,8,,0
mc-balance-134,win,score_threshold,131.4862175,98.4862175,16,9,15,0
mc-balance-135,win,score_threshold,137.25404140625,113.20404140624998,11,5,10,0
mc-balance-136,win,score_threshold,154.31157978125,132.97157978125,12,7,12,0
mc-balance-137,win,score_threshold,146.42394218750002,116.5039421875,13,9,,0
mc-balance-138,win,score_threshold,143.29902374999998,121.74902374999996,14,5,11,0
mc-balance-139,win,score_threshold,129.49649624999998,111.42649624999999,13,6,11,0
mc-balance-140,win,score_threshold,121.33775010937498,103.23775010937497,14,8,13,0
mc-balance-141,win,score_threshold,132.84007062499995,113.76007062499997,9,5,,0
mc-balance-142,win,score_threshold,137.75268066249998,94.32268066249998,18,10,16,0
mc-balance-143,win,score_threshold,134.86758970312502,116.37758970312501,11,6,11,0
mc-balance-144,win,score_threshold,126.20528609374999,107.81528609374999,11,7,,0
mc-balance-145,win,score_threshold,120.00992625000002,107.91992625000002,9,7,,0
mc-balance-146,win,score_threshold,160.58294714062498,138.162947140625,16,10,15,0
mc-balance-147,win,score_threshold,123.49581953124999,114.27581953125,10,7,,0
mc-balance-148,win,score_threshold,135.6969530625,106.5769530625,11,7,,0
mc-balance-149,win,score_threshold,131.06524024375,102.43524024374999,17,11,16,0
mc-balance-150,win,all_challenges,110.49561375000002,71.15561375000001,15,9,15,0
mc-balance-151,win,score_threshold,149.1128125,115.0728125,11,7,,0
mc-balance-152,win,score_threshold,139.008605625,120.358605625,12,8,,0
mc-balance-153,win,score_threshold,136.10859037499998,117.98859037499997,9,5,,0
mc-balance-154,win,score_threshold,135.407256625,112.19725662500001,14,9,14,0
mc-balance-155,win,score_threshold,122.58386171875,103.44386171875,9,5,,0
mc-balance-156,win,score_threshold,125.41864625000001,108.12864625,10,6,,0
mc-balance-157,win,score_threshold,140.92295559374998,114.67295559374998,10,7,,0
mc-balance-158,loss,bankruptcy,1.3092374999999996,-0.5907625000000003,7,,,0
mc-balance-159,win,score_threshold,141.47296278124998,119.59296278124998,12,6,11,0
mc-balance-160,loss,bankruptcy,1.85,-0.5,9,,,0
mc-balance-161,win,score_threshold,188.21875671875,143.03875671875,16,8,13,0
mc-balance-162,win,score_threshold,122.58056828125002,101.41056828125002,13,6,11,0
mc-balance-163,win,score_threshold,125.04545542499999,109.05545542499999,13,8,13,0
mc-balance-164,win,score_threshold,126.47349984375003,104.69349984375003,11,7,,0
mc-balance-165,win,score_threshold,120.86408515625,101.22408515625,16,11,16,0
mc-balance-166,win,score_threshold,129.48997953125001,110.61997953125,15,10,15,0
mc-balance-167,win,score_threshold,129.18306785,106.80306784999999,13,5,10,0
mc-balance-168,win,score_threshold,132.3287803125,111.8987803125,11,7,,0
mc-balance-169,loss,reputation_collapse,3,3,2,,,0
mc-balance-170,win,score_threshold,140.4966266875,107.56662668749999,16,11,16,0
mc-balance-171,win,score_threshold,152.94054921874996,121.56054921874997,11,6,11,0
mc-balance-172,win,score_threshold,134.163477125,105.17347712499999,11,6,11,0
mc-balance-173,win,score_threshold,128.6695253125,112.01952531250001,10,7,,0
mc-balance-174,win,score_threshold,122.63282171875,110.15282171874999,10,7,,0
mc-balance-175,win,score_threshold,158.42935871874997,128.44935871874998,10,6,,0
mc-balance-176,win,score_threshold,157.75829203125002,140.38829203125002,12,8,,0
mc-balance-177,win,score_threshold,148.80129803124996,117.92129803124996,11,7,,0
mc-balance-178,win,score_threshold,136.273146875,95.183146875,15,6,11,0
mc-balance-179,win,score_threshold,153.90566593750003,142.01566593750002,11,7,,0
mc-balance-180,win,score_threshold,155.379605,125.129605,11,6,11,0
mc-balance-181,win,score_threshold,141.55847500000004,105.11847500000005,19,12,17,0
mc-balance-182,win,score_threshold,141.57706359374998,114.71706359375,10,6,,0
mc-balance-183,loss,reputation_collapse,3.7899375000000006,4.5899375000000004,2,,,0
mc-balance-184,win,score_threshold,150.747575,131.817575,10,7,,0
mc-balance-185,win,score_threshold,136.71808468749998,109.0180846875,10,6,,0
mc-balance-186,loss,bankruptcy,1.4464156250000002,-0.003584374999999973,4,,,0
mc-balance-187,win,score_threshold,128.75147950000002,118.41147950000001,12,5,10,0
mc-balance-188,win,score_threshold,154.26292312499996,127.80292312499996,14,7,12,0
mc-balance-189,loss,reputation_collapse,6,6,2,,,0
mc-balance-190,win,score_threshold,133.16804628125,105.82804628125001,14,8,13,0
mc-balance-191,win,score_threshold,175.69288703125002,152.96288703125003,14,8,14,0
mc-balance-192,win,score_threshold,134.7341471875,107.3541471875,12,7,12,0
mc-balance-193,win,score_threshold,137.1443866875,120.37438668749999,12,7,12,0
mc-balance-194,win,score_threshold,134.679896875,121.869896875,14,8,13,0
mc-balance-195,loss,reputation_collapse,0.7499999999999999,1,5,,,0
mc-balance-196,win,score_threshold,123.84122656250001,104.81122656250001,11,5,10,0
mc-balance-197,win,score_threshold,136.22139500625,125.32139500624999,9,6,,0
mc-balance-198,win,all_challenges,99.690195625,62.34019562500001,11,8,,0
mc-balance-199,win,score_threshold,125.2005965625,104.0605965625,10,7,,0